Year,carbon_intensity,predicted
2020,456.5487595738396,465.8493941493977
2021,448.9633364599156,461.73861647946933
2022,444.5835435949367,459.9157311903188
2023,429.95342185204083,450.708610787458
2024,383.53301458000004,420.47172818875237
